2018-11-10 23:05:18,b'How would AI color my hair? https://t.co/CGBW9I38No'
2018-11-10 23:05:11,"b'RT @AllianzParque: ""Feeeeeeeeed my eyes, can you sew them shut?\nJeeeeeeesus Christ, deny your maker!""\n\nQuem mais a\xc3\xad curte a classic\xc3\xa1\xc3\xa7a \xe2\x80\x9cMan\xe2\x80\xa6'"
2018-11-10 23:05:05,"b""RT @ThePawReport: Chickens pecked to death, a cat thrown into a boat and a gaunt pony: Couple's shocking animal cruelty exposed https://t.c\xe2\x80\xa6"""
2018-11-10 23:05:02,b'RT @WorldTrendsInfo: What are the 7 outcomes for #AI? #Infographic\n#IoT #BigData #MachineLearning #DataScience #Robotics #innovation #start\xe2\x80\xa6'
2018-11-10 23:05:02,b'RT @DailyMail: FBI determine Seattle plane hijacker acted alone https://t.co/I1rU8MRWkx'
2018-11-10 23:05:02,b'RT @MAGAGirl8: Shelters are overflowing as 300K residents flee California fires https://t.co/PykBklIOF7 via @MailOnline'
2018-11-10 23:05:01,b'@SugaryFashion \xe2\x80\x9cFirst thing...? \n\nI didn\xe2\x80\x99t know you had an AI version of yourself.\xe2\x80\x9d'
2018-11-10 23:05:01,b'RT @aicanedo: Using #MachineLearning To Understand The Human Immune System\n&amp; Save Lives \n#AI #DeepLearning #BigData #Datascience #ML #DL #R\xe2\x80\xa6'
2018-11-10 23:05:01,"b""BC: I thought I'd win her heart by ______, but sadly McKayla was not impressed.\nWC: Healing Surges.\n\nVote on this P\xe2\x80\xa6 https://t.co/dciBBEX7DH"""
2018-11-10 23:04:59,b'RT @Lago72: The #DeepLearning Roadmap and #AI Playbook for Enterprises\nhttps://t.co/TuMReSWYt6  \nv/ @IntuitMachine\nHT @KirkDBorne \n\n#BigDat\xe2\x80\xa6'
2018-11-10 23:04:58,b'\xe2\x80\x9cDifferences Between #AI and #MachineLearning and Why it Matters\xe2\x80\x9d by @robiriondo https://t.co/OR6DjU3dqA'
2018-11-10 23:04:57,"b'@gupta_skanda supercomps hv their uses: and they r excellent for many heavy duty stuff. but the ""intelligence"" part\xe2\x80\xa6 https://t.co/7V2neyUWEA'"
2018-11-10 23:04:57,"b""RT @nowthisnews: This lifelike 'news anchor' is actually just AI https://t.co/iswH03WxK8"""
2018-11-10 23:04:57,"b'RT @AllianzParque: ""Feeeeeeeeed my eyes, can you sew them shut?\nJeeeeeeesus Christ, deny your maker!""\n\nQuem mais a\xc3\xad curte a classic\xc3\xa1\xc3\xa7a \xe2\x80\x9cMan\xe2\x80\xa6'"
2018-11-10 23:04:56,b'RT @DeepLearn007: A Concise Guide to AI &amp; Machine Learning Use Cases \n@SpirosMargaris @JimMarous @ipfconline1 @drlindekilde @BrettKing #AI\xe2\x80\xa6'
2018-11-10 23:04:56,"b'RT @Wipro: We are proud to announce that #WiproHOLMES Chat was referenced as a vendor case study in @NASSCOM Research report, ""Let\'s Chat \xe2\x80\x93\xe2\x80\xa6'"
2018-11-10 23:04:53,b'RT @CryptoRiyal: CryptoRiyal aims at revolutionizing how people live and do business!  CryptoRiyal is an incredibly ambitious work that inv\xe2\x80\xa6'
2018-11-10 23:04:52,b'Shocking moment man brandishing samurai sword is Tasered https://t.co/kfn6DhH9fP via @MailOnline'
2018-11-10 23:04:51,"b'\xe2\x80\x98Too stoned to save Lady Beth\xe2\x80\x99: Boyfriend of Marquess of Queensberry\xe2\x80\x99s daughter, 18, who died after two-day drugs b\xe2\x80\xa6 https://t.co/5tv690pPwp'"
2018-11-10 23:04:49,b'RT @CryptoRiyal: CryptoRiyal aims at revolutionizing how people live and do business!  CryptoRiyal is an incredibly ambitious work that inv\xe2\x80\xa6'
2018-11-10 23:04:47,"b""@704NASCARHeat love the update but why doesn't the AI drive the chase schemes?"""
2018-11-10 23:04:43,"b'RT @CryptoRiyal: Cryptoriyal will be a Gamechanger, backed by the infrustructure of Neom City and AI technology, it will change the way peo\xe2\x80\xa6'"
2018-11-10 23:04:43,"b'RT @CryptoRiyal: Cryptoriyal will be a Gamechanger, backed by the infrustructure of Neom City and AI technology, it will change the way peo\xe2\x80\xa6'"
2018-11-10 23:04:37,"b'RT @DellTech: In intelligence agencies of the future, humans and #AI will work in tandem. It sounds like something out of sci-fi, but the r\xe2\x80\xa6'"
2018-11-10 23:04:37,b'What are the 7 outcomes for #AI? #Infographic\n#IoT #BigData #MachineLearning #DataScience #Robotics #innovation\xe2\x80\xa6 https://t.co/uSjc5KYCib'
2018-11-10 23:04:34,b'RT ipfconline1: #FF: Great People\nMarshaCollier dez_blanchfield evankirstel DeepLearn007 TriciaKicksSaaS IIoT_World\xe2\x80\xa6 https://t.co/JvZxjG2qxm'
2018-11-10 23:04:30,b'Retailers Plug Into AI https://t.co/toXYOnCaJu #Logistics'
2018-11-10 23:04:29,b'RT @UserExperienceU: #Open #IoT with #Blockchain #AI and #BigData #ThingCoin #ICO #Crypto #IoT #BlockChain #Agile #DevOps #CX #UX #bitcoin\xe2\x80\xa6'
2018-11-10 23:04:29,"b'""Feeeeeeeeed my eyes, can you sew them shut?\nJeeeeeeesus Christ, deny your maker!""\n\nQuem mais a\xc3\xad curte a classic\xc3\xa1\xc3\xa7a\xe2\x80\xa6 https://t.co/0ypS1tPLof'"
2018-11-10 23:04:28,b'RT @CrucibleFires: China Debuts AI News Anchor\n\n https://t.co/EJSlnQaksO'
2018-11-10 23:04:28,b'RT @jblefevre60: Meet Agrobot !\n\n#AI #IoT #Robotics #AgTech MT @evankirstel \n\n@psb_dc @diioannid @SpirosMargaris @helene_wpli @Paula_Piccar\xe2\x80\xa6'
2018-11-10 23:04:27,b'Ai bo daughter of the most high bona. https://t.co/AavZRCwNZX'
2018-11-10 23:04:26,"b""RT @jblefevre60: 4 predictions for the #futureofwork + 25 of the world's best #jobs &gt;&gt;&gt; \n\n@wef via @MikeQuindazzi &gt;&gt;&gt; \n\n#4IR #Industry40 #A\xe2\x80\xa6"""
2018-11-10 23:04:23,b'Updated: Topaz AI Clear for Photo Noise Reduction https://t.co/pOnaPpBtry'
2018-11-10 23:04:20,"b'RT @AudreyDesisto: The Chinese have a very public, very-deep, extremely well-funded commitment to #AI.  ArtificialIntelligence, China And T\xe2\x80\xa6'"
2018-11-10 23:04:20,"b""RT @clark_robotics: Wirecutter's best deals: Save $30 on a Crucial MX500 1TB SSD: #BigData #MachineLearning #AI #IoT CC @Mikequindazzi http\xe2\x80\xa6"""
2018-11-10 23:04:18,"b'RT @ahalvani: I suspect the vision of AI as your physician involves a fundamental misunderstanding of what medicine is about, possibly AI.\xe2\x80\xa6'"
2018-11-10 23:04:17,"b""RT @Reuters: China's Xinhua news agency unveils AI news anchors https://t.co/QVhsU3odw2 via @ReutersTV https://t.co/ERUIcfcij7"""
2018-11-10 23:04:16,b'RT @9cnewsuae: #LIKE  14  RTit\n\nA snapshot of ten of the most promising advanced #technologies transforming the global #manufacturing indus\xe2\x80\xa6'
2018-11-10 23:04:16,b'RT @MailOnline: The bird that has baffled scientists https://t.co/K9bOHrivHV'
2018-11-10 23:04:13,b'RT @ConnectedWMag: @Walmart on the cutting edge of the use of #AR and #VR in #retail. https://t.co/tKUq3yw6Za #IoT #M2M #cybersecurity #AI\xe2\x80\xa6'
2018-11-10 23:04:12,b'RT @9cnewsuae: #LIKE 14  RTit\n\nHow do large companies prepare for #CyberAttacks?\n\n#Cybersecurity #Analytics #Education #Analytics #Security\xe2\x80\xa6'
2018-11-10 23:04:12,"b""RT @sinisterrabbitx: We really shouldn't be giving any AI absolute autonomy, especially when it comes to aggregated user data. Let's first\xe2\x80\xa6"""
2018-11-10 23:04:11,b'RT @ipfconline1: #FF: Great People\n@MarshaCollier @dez_blanchfield @evankirstel @DeepLearn007 @TriciaKicksSaaS @IIoT_World @helene_wpli @Ta\xe2\x80\xa6'
2018-11-10 23:04:10,b'Round 3: Tony Bellew taking control \n\nhttps://t.co/S5mLKQPW8g #UsykBellew https://t.co/mkVDZwAedL'
2018-11-10 23:04:09,b'RT @9cnewsuae: #LIKE 14  RTit\n 7 physical #security trend in 2018 #infographic  \n\n#cloud #cybersecurity #Analytics #education #Security #Ma\xe2\x80\xa6'
2018-11-10 23:04:04,b'RT @9cnewsuae: #LIKE 14  RTit\n\nThe Cyber Security Policy 2018 #Infographic\n\nhttps://t.co/xb4zbwoo44\n#CyberSecurity #Analytics #education #S\xe2\x80\xa6'
2018-11-10 23:04:01,"b""I'm bored, let me read your future."""
2018-11-10 23:04:01,b'RT @9cnewsuae: #LIKE 14  RTit \n\nIT #Security spending to Reach a Record of US$114billon in 2018 RT\n\n#CyberSecurity #risk #datasecurity #Ana\xe2\x80\xa6'
2018-11-10 23:04:01,b'Chinese news agency adds AI anchors to its broadcast team https://t.co/wBxYPNSM33 #ArtificialIntelligence'
2018-11-10 23:04:00,b'RT @CryptoRiyal: Cryptoriyal is ready to take the challenge of crypto adaptation. They will use AI technology and blockchain to provide a t\xe2\x80\xa6'
2018-11-10 23:04:00,b'RT @ThilanWijegunar: #AitkenSpenceHotels \xf0\x9f\x87\xb1\xf0\x9f\x87\xb0 #SriLanka \xf0\x9f\x87\xae\xf0\x9f\x87\xb3 #India \xf0\x9f\x87\xb2\xf0\x9f\x87\xbb #Maldives \xf0\x9f\x87\xb4\xf0\x9f\x87\xb2 #Oman #Travel #Tourism #TTOT #Ceylon #LKA #VisitSriLanka #O\xe2\x80\xa6'
2018-11-10 23:03:58,b'RT @9cnewsuae: #LIKE 14  RTit\n\nThe reality of data breaches #CyberSecurity\n\n#Analytics #fintech #education #Security #Malware #CyberAware #\xe2\x80\xa6'
2018-11-10 23:03:55,b'RT @InfoProNetwork: IAM Platform Curated Retweet:\n\nVia: https://t.co/UiZ3EcEkM6\n\nThe Future of Things\n\nRead more here: https://t.co/hPTjN76\xe2\x80\xa6'
2018-11-10 23:03:54,b'Shelters are overflowing as 300K residents flee California fires https://t.co/PGLHWvPNoF via @MailOnline'
2018-11-10 23:03:51,b'RT @9cnewsuae: #LIKE 14  RTit \n\nFive workplace trends shaping the #FutureOfWork \n\nhttps://t.co/wWd1mWsmJp \xe2\x80\xa6 #Digital #purpose #career #HR #\xe2\x80\xa6'
2018-11-10 23:03:50,b'RT @MailOnline: The bird that has baffled scientists https://t.co/K9bOHrivHV'
2018-11-10 23:03:49,"b'\xe2\x80\x9cIn the AI era, companies should double down on retraining the people they have, with an emphasis on lifelong learn\xe2\x80\xa6 https://t.co/fYL51bjyLN'"
2018-11-10 23:03:48,b'RT @9cnewsuae: #LIKE 22 RTit\n\nSmart Specialization and #SmartCities #Infographic\n\n#Healthcare #Entrepreneur #Education #Economics #P2P #Aut\xe2\x80\xa6'
2018-11-10 23:03:47,b'RT @CryptoRiyal: Cryptoriyal is ready to take the challenge of crypto adaptation. They will use AI technology and blockchain to provide a t\xe2\x80\xa6'
2018-11-10 23:03:47,b'RT @MikeQuindazzi: Sample #chatbot platform architecture to build #bots for #banking &gt;&gt;&gt; #pwc @MikeQuindazzi &gt;&gt;&gt; #ui #fintech #insuretech #\xe2\x80\xa6'
2018-11-10 23:03:47,b'RT @IoTBigDataJobs: Your next career move is waiting! =&gt; Sr. Digital Brand Manager - US https://t.co/XMAe2ypBEh #bigdata #iot #analytics #a\xe2\x80\xa6'
2018-11-10 23:03:47,b'As an avid open world/strategy game player I have never seen a completely stable or bug-free game. If you branch ou\xe2\x80\xa6 https://t.co/L6wBpAJvK6'
2018-11-10 23:03:43,"b'RT @2morrowknight: An amazing self-driving passenger drone, powered by blockchain technology and artificial intelligence. https://t.co/SHR9\xe2\x80\xa6'"
2018-11-10 23:03:43,"b""If Everybody Is Adopting AI, Where's The Advantage? https://t.co/EDx2XqPBUh"""
2018-11-10 23:03:42,"b'RT @caraellison: Announcing @VOIDBASTARDS, a sci fi procedural strategy Red Dwarf/Douglas Adams-em-up style thingmy. \n\nMe and everyone at @\xe2\x80\xa6'"
2018-11-10 23:03:41,b'RT @nodexl: #VR via NodeXL https://t.co/vjholnrcTh\n@maxlarsenjr\n@polaroidfrance\n@deepdivevr\n@roblemvr\n@mikequindazzi\n@paula_piccard\n@evanki\xe2\x80\xa6'
2018-11-10 23:03:41,b'RT @9cnewsuae: #LIKE 14  RTit\n\n15 Business Applications For Artificial Intelligence And Machine Learning\n\nhttps://t.co/86ag5UE7O0\n#Fintech\xe2\x80\xa6'
2018-11-10 23:03:40,b'AI needs a human touch..https://t.co/XXtFgpPiTl \n@_soniashenoy @latha_venkatesh @Nigel__DSouza @_anujsinghal\xe2\x80\xa6 https://t.co/z1WUZHQ8Xx'
2018-11-10 23:03:39,b'RT @mkathryncarroll: It was awesome hearing the panelists discuss the impact of AI and the importantance of design thinking in demonstratin\xe2\x80\xa6'
2018-11-10 23:03:37,"b'RT @DailyMail: Trapped bunnies huddle, scared stiff, against a wall after their tunnels are consumed by the Woolsey fire in Thousand Oaks h\xe2\x80\xa6'"
2018-11-10 23:03:36,b'RT @9cnewsuae: #LIKE 14  RTit\n\nWhat is #ArtificialIntelligence and the history behind it?#infographic\n\n#Fintech #Insurtech #Marketing #Data\xe2\x80\xa6'
2018-11-10 23:03:36,b'RT @xfxie: Road traffic safety studies using smart #DOAI (#DataAnalytics+#Optimization+#AI+#IoT) technology https://t.co/uf7y8okIl7\n\n#BigDa\xe2\x80\xa6'
2018-11-10 23:03:35,"b""RT @nowthisnews: This lifelike 'news anchor' is actually just AI https://t.co/iswH03WxK8"""
2018-11-10 23:03:34,b'RT @lab1886: Cars are soon to become a central health hub!\n\n@MercedesBenz is equipping its future cars with sensors for monitoring the stat\xe2\x80\xa6'
2018-11-10 23:03:34,"b'RT @I__billy: @MaccidoAbdulahi @king_abuz Ai before them bring am we don finish am \xf0\x9f\x92\xaf bayan ga mallam abu, it is finished'"
2018-11-10 23:03:33,b'RT @9cnewsuae: #LIKE 14  RTit\n\nWhy does artificial intelligence discriminate?\n\nhttps://t.co/LRJu0hOLuP \n#Fintech #Insurtech #Marketing #Dat\xe2\x80\xa6'
2018-11-10 23:03:33,b'RT @wouterhoetink: First Republican concedes defeat; Darrell Issa says seat will go blue https://t.co/5lbzpkY8g1 via @MailOnline'
2018-11-10 23:03:30,b'RT @9cnewsuae: #LIKE 14  RTit\n\n#Industry40 and the regulation of #ArtificialIntelligence\n\nhttps://t.co/JIQNr1ayKo\n#Fintech #Insurtech #Mark\xe2\x80\xa6'
2018-11-10 23:03:30,b'RT @MailOnline: The bird that has baffled scientists https://t.co/K9bOHrivHV'
2018-11-10 23:03:27,b'RT @9cnewsuae: #LIKE 14  RTit\n\nDiscover the top 100 #AI #Startups #insurtech #artificialintelligence \n\n#Fintech #Marketing #Datascience #Ro\xe2\x80\xa6'
2018-11-10 23:03:27,"b'If you have never tried AI in your classroom, now is the time. Check out all these fun ideas, including voice assis\xe2\x80\xa6 https://t.co/i3A28XXZ48'"
2018-11-10 23:03:25,b'RT @Fisher85M: What are some use-cases for Internet of Things?\n\n#IoT #SmartCity #CyberSecurity #Healthcare #sensors #Security #IIoT #infose\xe2\x80\xa6'
2018-11-10 23:03:24,b'RT @MikeQuindazzi: 775 million #consumer vehicles will be #IoT connected via telematics or by in-vehicle #apps by 2023 &gt;&gt;&gt; @juniperresearch\xe2\x80\xa6'
2018-11-10 23:03:23,b'RT @9cnewsuae: #LIKE 14  RTit\n\nIntroducing #MachineLearning to #Business\n\nhttps://t.co/TIfz0JBgg1\n#ArtificialIntelligence #Fintech #Insurte\xe2\x80\xa6'
2018-11-10 23:03:23,"b'RT @CryptoRiyal: Cryptoriyal will be a Gamechanger, backed by the infrustructure of Neom City and AI technology, it will change the way peo\xe2\x80\xa6'"
2018-11-10 23:03:22,"b""RT @nowthisnews: This lifelike 'news anchor' is actually just AI https://t.co/iswH03WxK8"""
2018-11-10 23:03:20,b'RT @CryptoRiyal: Cryptoriyal is ready to take the challenge of crypto adaptation. They will use AI technology and blockchain to provide a t\xe2\x80\xa6'
2018-11-10 23:03:19,"b""RT @RossIngram: This is great... but i'd argue that HUMANS have a diversity problem. Technology extends us. It expands our abilities AND ou\xe2\x80\xa6"""
2018-11-10 23:03:17,b'RT @MikeQuindazzi: Avatar-style humanoid #robots aim to take part in the #smarthome and #futureofwork &gt;&gt;&gt; @CNBC via @MikeQuindazzi &gt;&gt;&gt; #AI\xe2\x80\xa6'
2018-11-10 23:03:17,b'RT @9cnewsuae: #LIKE 14  RTit\n\nHow #CoinAnalyst identifies positive and negative polarities in #socialmedia posts\n\nhttps://t.co/Qh8OTsbJ7g\xe2\x80\xa6'
2018-11-10 23:03:17,b'RT @MailOnline: Elephants are EVOLVING to not grow tusks after years of being hunted by poachers https://t.co/2oMinZ7Le6'
2018-11-10 23:03:17,b'RT @Sloweymcmanus: Great discussion of how #AI and #BigData is disrupting drug discovery. @STATNews @caseyross moderates a terrific panel w\xe2\x80\xa6'
2018-11-10 23:03:16,b'U.S. Navy ship ignored desperate pleas from sinking migrant boat\n- well..the US shirked their responsibility in Lib\xe2\x80\xa6 https://t.co/Ob9kH2gYDE'
2018-11-10 23:03:15,b'RT @CryptoRiyal: CryptoRiyal aims at revolutionizing how people live and do business!  CryptoRiyal is an incredibly ambitious work that inv\xe2\x80\xa6'
2018-11-10 23:03:13,"b'RT @9cnewsuae: #LIKE 14  RTit\n\nLearning is an iterative process. Science is an iterative process. So, naturally, it should be no great reve\xe2\x80\xa6'"
2018-11-10 23:03:10,"b'RT @CryptoRiyal: Cryptoriyal will be a Gamechanger, backed by the infrustructure of Neom City and AI technology, it will change the way peo\xe2\x80\xa6'"
2018-11-10 23:03:08,"b""Trotting doesn't win wars, the ones who fucking dance with fire do in Britain, thank you very much #opendata #smartcities #bigdata #ai"""
2018-11-10 23:03:07,"b""RT @ArniedJoe: RAF hero, 95 must sell home to pay for care as he's survived too long https://t.co/nF5TvnCQ8I via @MailOnline\nWhat the hell\xe2\x80\xa6"""
2018-11-10 23:03:07,"b'AI is not \xe2\x80\x9cmagic dust\xe2\x80\x9d for your company, says Google\xe2\x80\x99s Cloud AI boss - via @techreview https://t.co/zCrTdC5jdc'"
2018-11-10 23:03:06,b'RT @9cnewsuae: #LIKE 14  RTit\n10 Things to Know About #AI Right Now\n#Artificialintelligence is starting to transform marketing-so make sure\xe2\x80\xa6'
2018-11-10 23:03:06,b'RT @MikeQuindazzi: 775 million #consumer vehicles will be #IoT connected via telematics or by in-vehicle #apps by 2023 &gt;&gt;&gt; @juniperresearch\xe2\x80\xa6'
2018-11-10 23:03:05,b'The bird that has baffled scientists https://t.co/K9bOHrivHV'
2018-11-10 23:03:05,b'RT @gp_pulipaka: Prediction Engineering: How to Set Up Your Machine Learning Problem. #BigData #Analytics #MachineLearning #DataScience #AI\xe2\x80\xa6'
2018-11-10 23:03:04,b'Bonobo AI raises $4.5M seed round to help companies turn interactions with customers into valuable data\xe2\x80\xa6 https://t.co/GlgsbXhWcb'
2018-11-10 23:03:04,b'Elephants are EVOLVING to not grow tusks after years of being hunted https://t.co/Ej35kCCfgI via https://t.co/5sd5Euy5E7'
2018-11-10 23:03:04,b'Top Prediction #MachineLearning Algorithms [ #Infographic ]\nv/ @dataiku\nHT @Fisher85M \n\n#AI #BigData #IoT #FinTech\xe2\x80\xa6 https://t.co/3Wqu8ChnCa'
2018-11-10 23:03:03,b'RT @CryptoRiyal: CryptoRiyal aims at revolutionizing how people live and do business!  CryptoRiyal is an incredibly ambitious work that inv\xe2\x80\xa6'
2018-11-10 23:03:03,"b""@i_wish_upon_you @stacy33071 @patton6966 I'm arguing with AI! How absurd! But, if you're a human afraid to show you\xe2\x80\xa6 https://t.co/p2Q25tUeg2"""
2018-11-10 23:03:03,"b'@Daok0 The moment I saw your video, I knew. Your special and even if you somehow did not like me... I would be happ\xe2\x80\xa6 https://t.co/qKT89lLGSG'"
2018-11-10 23:03:02,b'775 million #consumer vehicles will be #IoT connected via telematics or by in-vehicle #apps by 2023 &gt;&gt;&gt;\xe2\x80\xa6 https://t.co/23qxAaVwiu'
2018-11-10 23:03:02,b'#reddit #co-founder: #bear #market is #good for the #blockchain #industry \n#instaethereum #bitcoin #blockchain #ico\xe2\x80\xa6 https://t.co/1JuhKFWrUA'
2018-11-10 23:03:00,"b'RT @CryptoRiyal: Cryptoriyal will be a Gamechanger, backed by the infrustructure of Neom City and AI technology, it will change the way peo\xe2\x80\xa6'"
2018-11-10 23:02:59,b'RT @ArtsyPabster: New book for this year at ctnx next week https://t.co/R5GmgejRtO'
2018-11-10 23:02:58,"b""RT @9cnewsuae: Google's #AI Scientists acknowledge #MachineLearning is falling short of human cognition and propose using graph network mod\xe2\x80\xa6"""
2018-11-10 23:02:56,b'RT @DRUDGE_REPORT: Evacuees turned away from overflowing shelters... https://t.co/EEAaBOedfi'
2018-11-10 23:02:55,b'RT @9cnewsuae: #LIKE 14  RTit\n\n#Algorithms Will Out-Perform Doctors In Just 10 Years Time\n\nhttps://t.co/pc4PjB3Z3o \n#HealthTech #AI #Machin\xe2\x80\xa6'
2018-11-10 23:02:55,b'RT @avilarenata: This is a very good article\nhttps://t.co/w1S5zUD26O\nThe ability to manipulate images and video by anyone makes me wonder h\xe2\x80\xa6'
2018-11-10 23:02:54,b'RT @moverick: The World\xe2\x80\x99s First AI News Anchor Is Here https://t.co/WWQZOVBzxi via @MobilityArena'
2018-11-10 23:02:53,"b'RT @HydrogenAPI: $Hydro #NewVember begins with @bitcademyfb, who has agreed to integrate Hydro into their upcoming platform release! We are\xe2\x80\xa6'"
2018-11-10 23:02:52,b'RT @9cnewsuae: #LIKE 14  RTit\n\nWhat is Machine Learning?\n#MachineLearning For Beginners\n\nhttps://t.co/pEhiISnvYV\n#AI #DeepLearning #DataSci\xe2\x80\xa6'
2018-11-10 23:02:49,b'RT @iamjony94: 6 Location-based Social Media Monitoring Tools https://t.co/ClBMlndf3L #SocialMedia #SocialMediaMarketing #DigitalMarketing\xe2\x80\xa6'
2018-11-10 23:02:48,"b""RT @9cnewsuae: #LIKE 14  RTit\n\nA Beginner's Guide to #NeuralNetworks and #DeepLearning\n\nhttps://t.co/wiSYDWhUKB \n#MachineLearning #AI #Deep\xe2\x80\xa6"""
2018-11-10 23:02:48,b'RT @JohnClarke1960: China creates a robot Artificial Intelligence newsreader who can work 24 hours a day to read out whatever the governmen\xe2\x80\xa6'
2018-11-10 23:02:47,b'Self-driving car hits the road\n\n#AutonomousVehicles #selfDrivingCar #AI\n@WiproDigital @alison_iot @SabineVdL\xe2\x80\xa6 https://t.co/QGAeBA5lOq'
2018-11-10 23:02:46,"b""RT @9cnewsuae: #LIKE 14  RTit\n\nLet's look at #InternetofEverything from a higher level\n\n#IoE #Infographic #IT #tech #MachineLearning #P2P #\xe2\x80\xa6"""
2018-11-10 23:02:45,"b""She is a damned disgrace.\n\n#SarahSilverman compares Trump's America to the Holocaust https://t.co/4zY1WT7jHP via https://t.co/k9q38exTSR"""
2018-11-10 23:02:44,b'RT @LogisticsStuff: VIDEO: Blockchain Artificial Intelligence = Decentralized AI #blockchain #AI #Neuralnetworks #artificialintelligence #m\xe2\x80\xa6'
2018-11-10 23:02:44,"b'Currently top rated @iclr2019 papers, including #BigGAN by  @ajmooch et al. and td-VAE from @DeepMindAI, Exploratio\xe2\x80\xa6 https://t.co/WYu1i7LmQP'"
2018-11-10 23:02:44,"b'RT @mogwai_poet: Someone compiled a list of instances of AI doing what creators specify, not what they mean: https://t.co/OqoYN8MvMN https:\xe2\x80\xa6'"
2018-11-10 23:02:44,"b'\xf0\x9f\x99\x84 #GitHub - Highly cited and useful papers related to #MachineLearninglearning, #DeepLearning , #AI \xf0\x9f\x91\x88 by\xe2\x80\xa6 https://t.co/9b0YLulh4T'"
2018-11-10 23:02:44,b'@SargeFrankRock -arrogance. The Sargent was certainly taking up enough space already. The thought of more turned he\xe2\x80\xa6 https://t.co/38pUQGP4a3'
2018-11-10 23:02:43,"b'RT @9cnewsuae: #LIKE 14  RTit\n\nHow #MachineLearning, #BigData And #AI Are Changing Healthcare Forever\n\nhttps://t.co/nqLlyxFWSk\n#Robotics #R\xe2\x80\xa6'"
2018-11-10 23:02:42,"b""Moment Golden Retriever Puppy tries to 'sneak' attack an older dog\xc2\xa0\n https://t.co/UuCG2KiKhE"""
2018-11-10 23:02:42,b'RT @PD_MobileApps: Top #FinTech Hashtags on Twitter \n#finserv\n#fintech\n#ai\n#insurtech\n#banking\n#payments\n#blockchain\n#regtech\n#bigdata \nvia\xe2\x80\xa6'
2018-11-10 23:02:39,b'RT @9cnewsuae: #LIKE  14  RTit\n\n#ArtificialIntelligence in 2018\n\nhttps://t.co/xJ6bQd2WnL \xe2\x80\xa6\n#MachineLearning #DeepLearning #Fintech #Insurte\xe2\x80\xa6'
2018-11-10 23:02:36,b'RT @9cnewsuae: #LIKE 14  RTit\n\nEverything You Need to Know About Convolutional #NeuralNetworks \n\nhttps://t.co/VK3IG4XqE6\n#abdsc #DataScienc\xe2\x80\xa6'
2018-11-10 23:02:33,b'RT @9cnewsuae: #LIKE  14  RTit\nLooking at these #IoT growth\n\n#RPA #AI #fintech #healthtech #Insurtech #GDP #EmergingMarkets #futureofwork #\xe2\x80\xa6'
2018-11-10 23:02:31,b'Mariah Carey looks sensational in purple sequin bodycon  in\xc2\xa0Shanghai https://t.co/Q94pkMAtQq @DailyMailCeleb\xe2\x80\xa6 https://t.co/PWBuY67Ed2'
2018-11-10 23:02:30,b'RT @wiomax: #SmartIoT in #Transportation &amp; #Logistics is Key #Tech to support #SmartCities https://t.co/MWvgnaMwt6 #AI #BigData #IoT #Start\xe2\x80\xa6'
2018-11-10 23:02:30,b'RT @9cnewsuae: #LIKE 14\n\nThe European Commission has been working to break down online barriers  that prevent people from enjoying full acc\xe2\x80\xa6'
2018-11-10 23:02:28,"b'RT @IainLJBrown: AI, data science can yield rich dividends - SLASSCOM chief\n\nRead more here: https://t.co/JamiWLBYXM\n\n#DataScience #Machine\xe2\x80\xa6'"
2018-11-10 23:02:26,"b'RT @9cnewsuae: #LIKE  14  RTit\n\nWith the ever-evolving policies, and capabilities and the given magnitude and complexity impacting the sect\xe2\x80\xa6'"
2018-11-10 23:02:26,b'RT @CryptoRiyal: Cryptoriyal is ready to take the challenge of crypto adaptation. They will use AI technology and blockchain to provide a t\xe2\x80\xa6'
2018-11-10 23:02:26,"b""RT @ThePawReport: Chickens pecked to death, a cat thrown into a boat and a gaunt pony: Couple's shocking animal cruelty exposed https://t.c\xe2\x80\xa6"""
2018-11-10 23:02:25,b'RT @MailSport: Round 2: Bellew connects while Usyk struggles to find his range\n\nhttps://t.co/oUrlTagWJS #UsykBellew https://t.co/g3jMsvPoNe'
2018-11-10 23:02:25,"b'@alojozinha Jfkskfefooerjrjor ai, Jozinha, socorro'"
2018-11-10 23:02:24,"b'@intelhpc @IntelBusiness So funny as I remember the forecast for AI in the 70s,80... .  Now Watson does the weather\xe2\x80\xa6 https://t.co/XlYH9CFrEw'"
2018-11-10 23:02:24,"b""FOXNEWS 3:00pm CREWS BATTLING 3 MAJOR CALIFORNIA WILDFIRES\nA IIEDII' AI c .\nPRESIDENT TRUMP ISSUES EMERGENCY. DECLARATION OVER..."""
2018-11-10 23:02:23,"b'RT @kashthefuturist: China\'s stealth drone ""Skyhawk""\n\n#drones #AI #EmergingTech\n\n@omeroymak @TerenceLeungSF @reach2ratan @enricomolinari @s\xe2\x80\xa6'"
2018-11-10 23:02:23,b'RT @9cnewsuae: #LIKE  14  RTit\n\nTracking drugs on the blockchain throughout their lifecycle \xe2\x80\x93 from  manufacturing to patients\n\nhttps://t.co\xe2\x80\xa6'
2018-11-10 23:02:19,b'RT @9cnewsuae: #LIKE 22 RTit\n\nWorkforce of the future.\nhttps://t.co/q46cNvoBOX \n\n#FutureOfWork #tech #Innovation #DigitalTransformation #le\xe2\x80\xa6'
2018-11-10 23:02:19,"b'RT @IainLJBrown: AI, data science can yield rich dividends - SLASSCOM chief\n\nRead more here: https://t.co/JamiWLBYXM\n\n#DataScience #Machine\xe2\x80\xa6'"
2018-11-10 23:02:19,"b""RT @DS_Analytics: https://t.co/kTIPK8AWdt Who's responsible when autonomous vehicles kill?\n\n#DataScience #Insurance #MachineLearning #DeepL\xe2\x80\xa6"""
2018-11-10 23:02:18,b'#AI and the Future of #Networking: https://t.co/3W6ayd4GN0 https://t.co/mU88jCsdGq'
2018-11-10 23:02:17,"b'A good AI x EHR study.  In reviewing documentation of medical care, it should be easy for AI to determine the billi\xe2\x80\xa6 https://t.co/R8wUjhuquK'"
2018-11-10 23:02:17,b'Top #FinTech Hashtags on Twitter \n#finserv\n#fintech\n#ai\n#insurtech\n#banking\n#payments\n#blockchain\n#regtech\n#bigdata\xe2\x80\xa6 https://t.co/dlMlYzS14D'
2018-11-10 23:02:16,b'RT @9cnewsuae: #LIKE 22 RTit\n\nThe #DigitalTransformation Value Creating Mapping by the Great Bill Schmarzo. \n\nhttps://t.co/gckQi0pSfi\n#tech\xe2\x80\xa6'
2018-11-10 23:02:16,"b""What's the first app you open when you grab your phone? \xe2\x80\x94 Snap (si j\xe2\x80\x99ai bien compris la question) https://t.co/cSpDeQMMBg"""
2018-11-10 23:02:12,b'RT @IBMSystems: Join #IBMLabServices VP @cksanche at #SC18 as she leads a team of consultants that can help you accelerate your path to #AI\xe2\x80\xa6'
2018-11-10 23:02:12,b'RT @9cnewsuae: #LIKE 22 RTit  2 / 2\n\nTop 10 #DigitalTransformation Trends For 2019\n1. #5G\n2. #Chatbot\n3. #Multicloud\n4. #Blockchain\n5. #AI\xe2\x80\xa6'
2018-11-10 23:02:11,b'Ai t hablan Emilio! \xf0\x9f\xa4\xa3\nIrisho Amadeus Walker https://t.co/zpW04MFwIo'
2018-11-10 23:02:11,b'RT @CryptoRiyal: Cryptoriyal is ready to take the challenge of crypto adaptation. They will use AI technology and blockchain to provide a t\xe2\x80\xa6'
2018-11-10 23:02:10,b'ai god'
2018-11-10 23:02:08,b'RT @9cnewsuae: #LIKE 22 RTit  1 / 2\n\nTop 10 #DigitalTransformation Trends For 2019\n1. #5G\n2. #Chatbot\n3. #Multicloud\n4. #Blockchain\n5. #AI\xe2\x80\xa6'
2018-11-10 23:02:06,b'\xe2\x81\xa6@alexgsmith\xe2\x81\xa9 I think MIT have stepped in to help me out with my conference AI ready reckoner https://t.co/hFypkwlgjm'
2018-11-10 23:02:02,b'Love using Airtable? \n#google #sheets #documents #embed \nhttps://t.co/2cLl39sBeB https://t.co/JvqDQdhaK7'
2018-11-10 23:02:02,b'#interview: #power #ledger\xe2\x80\x99s #jemma #green on using #blockchain to #\xe2\x80\x98power the #world\xe2\x80\x99 \n#instaethereum #btc\xe2\x80\xa6 https://t.co/cb5YKMn42o'
2018-11-10 23:02:01,b'RT @9cnewsuae: #LIKE 14  RTit \n\nWhat traits do digital leaders need?\n\nhttps://t.co/WwScm9AqFx\n#leadership #Strategy #DigitalTransformation\xe2\x80\xa6'
2018-11-10 23:02:00,b'RT @chidambara09: Elsa Hosk poses in strapless mini dress in Las Vegas https://t.co/4x0kc5n9aL @DailyMailCeleb #bigdata #AI #DataScientist\xe2\x80\xa6'
2018-11-10 23:02:00,b'Microsoft Touts AI Advances in Outlook https://t.co/s2egigzz8d'
2018-11-10 23:02:00,b'RT @aicanedo: Using #MachineLearning To Understand The Human Immune System\n&amp; Save Lives \n#AI #DeepLearning #BigData #Datascience #ML #DL #R\xe2\x80\xa6'
2018-11-10 23:01:57,b'RT @9cnewsuae: #LIKE 14  RTit\n\nA timeline #blockchain technology developments\n\n#fintech #banking #cryptocurrency #bitcoin #XRP #FinServ #IN\xe2\x80\xa6'
2018-11-10 23:01:54,"b'RT @arjunblj: Thiel\xe2\x80\x99s \xe2\x80\x9ccrypto is libertarian, AI is communist\xe2\x80\x9d dichotomy is perfect.\n\nApathetic developers building:\n- powerful reputation\xe2\x80\xa6'"
2018-11-10 23:01:53,b'RT @InfoProNetwork: IAM Platform Curated Retweet:\n\nVia: https://t.co/UiZ3EcEkM6\n\nThe Future of Things\n\nRead more here: https://t.co/hPTjN76\xe2\x80\xa6'
2018-11-10 23:01:53,b'RT @9cnewsuae: #LIKE 14\n\nFour Things About #ArtificialInteligence  That Marketers Need to Keep In Mind In 2018\n\nhttps://t.co/5EzeDwleeP \n #\xe2\x80\xa6'
2018-11-10 23:01:49,b'RT @ConnectyCTY: How Connecty Brings AI and Blockchain Technology to the Knowledge Economy\n\n#UseOfBlockchain #Blockchain #stellar #Bitcoin\xe2\x80\xa6'
2018-11-10 23:01:47,b'RT @CryptoRiyal: CryptoRiyal aims at revolutionizing how people live and do business!  CryptoRiyal is an incredibly ambitious work that inv\xe2\x80\xa6'
2018-11-10 23:01:46,"b'RT @9cnewsuae: How #AI #MachineLearning And Other Disruptive Trends Are Defining The Future Of Customer Service\nBy 2020,an estimated 85% of\xe2\x80\xa6'"
2018-11-10 23:01:43,b'RT @9cnewsuae: #Like 14\n\n How Big Will The Internet Of Things Become? #IoT #AI #IIoT #MachineLearning #DeepLearning #BigData #DigitalEconom\xe2\x80\xa6'
2018-11-10 23:01:42,"b'RT @CryptoRiyal: Cryptoriyal will be a Gamechanger, backed by the infrustructure of Neom City and AI technology, it will change the way peo\xe2\x80\xa6'"
2018-11-10 23:01:41,"b""@Tony_Bike_AI @melindiscott My Husband a 63yr old Bricklayer can't retire! Private pension \xc2\xa3190mth. No DWP pension\xe2\x80\xa6 https://t.co/2dY5B8fczb"""
2018-11-10 23:01:39,b'RT @9cnewsuae: #like 14\n\n Businesses Will Need One Million Data Scientists\n\nhttps://t.co/caAzMkS2kE  \n\n#DataScience #AI #ML #Business #DLT\xe2\x80\xa6'
2018-11-10 23:01:38,b'RT @daddylinkup: how it all started \xf0\x9f\x92\x80\xf0\x9f\x98\x82 https://t.co/z65hBnVcSo'
2018-11-10 23:01:35,"b'RT @antgrasso: Through the Smart Infrastructure Data Analytics Lab, @Siemens will leverage data through Machine Learning an Analytics to he\xe2\x80\xa6'"
2018-11-10 23:01:34,b'RT @BigDataGal: Better Model Performance Through Algorithmic Diversity https://t.co/ZWIZlhzsPO #AI #DataScience #BigData'
2018-11-10 23:01:34,b'RT @appknox: 9 World Famous #Hackers That Changed The Way We Look At #CyberSecurity https://t.co/mO0HTwBhaE \n\n#BlackHat #WhiteHat #Hacking\xe2\x80\xa6'
2018-11-10 23:01:33,b'RT @ashxcolleen: @CathyHackl introduced the new wave of AR/VR technology to me a few months ago. Just like when someone gets a brand new ca\xe2\x80\xa6'
2018-11-10 23:01:33,b'RT @9cnewsuae: 12 #Automation techniques for competitive advantage! #AI #RPA #IPA #MachineLearning #Software #futureofwork #BigData #DL #DL\xe2\x80\xa6'
2018-11-10 23:01:32,b'Round 2: Bellew connects while Usyk struggles to find his range\n\nhttps://t.co/oUrlTagWJS #UsykBellew https://t.co/g3jMsvPoNe'
2018-11-10 23:01:29,b'RT @edmuke: 5 steps to Sustainable social media  #socialmedia #socialmediamarketing #digitalmarketing #contentmarketing #growthhacking #sta\xe2\x80\xa6'
2018-11-10 23:01:29,b'RT @9cnewsuae: #LIKE 14\n\n#Hacking_brains for memory manipulation and theft: the basic tech exists today and #KasperskyLab research shows it\xe2\x80\xa6'
2018-11-10 23:01:29,b'RT @9cnewsuae: #LIKE  14  RTit \n\nWhat are some Key #Blockchain Technologies in Trade #Finance? \n\nhttps://t.co/JynUi16oRk\n#CyberSecurity #In\xe2\x80\xa6'
2018-11-10 23:01:28,"b""Teenage girls are offered nude men as Facebook 'friend suggestions' https://t.co/HppLztF9x7 @MailOnline"""
2018-11-10 23:01:27,b'RT @chi2innovations: How #AI and #QuantumComputers Could Bring Massive Change via @insidebigdata  https://t.co/C2vMxdCXix'
2018-11-10 23:01:24,"b""It doesn't surprise us, but shocking nonetheless. Just one energy drink can increase our risk of heart attack and s\xe2\x80\xa6 https://t.co/LnnBN2aVE3"""
2018-11-10 23:01:22,b'RT @Paula_Piccard: This #machinelearning coach could get you into shape.\n#AI #gym #fitness #Health #tech \n\n@MikeQuindazzi @SpirosMargaris @\xe2\x80\xa6'
2018-11-10 23:01:21,"b""RT @Sadeekhassan: You don't understand. What we want is somewhere between crazy and calm. Wadda ta dan je Islamiya amma kuma ba yar kauye b\xe2\x80\xa6"""
2018-11-10 23:01:21,b'RT @CryptoRiyal: CryptoRiyal aims at revolutionizing how people live and do business!  CryptoRiyal is an incredibly ambitious work that inv\xe2\x80\xa6'
2018-11-10 23:01:21,"b""RT @nowthisnews: This lifelike 'news anchor' is actually just AI https://t.co/iswH03WxK8"""
2018-11-10 23:01:18,b'RT @9cnewsuae: #LIKE 14  RTit\n\n9 #Technology Mega Trends That Will Change The World In 2018\n\nhttps://t.co/JrRfKxwdpW  \n#DataScience #Smartc\xe2\x80\xa6'
2018-11-10 23:01:17,b'RT @FrRonconi: This is an automated bike garage where cyclists can store or retrive their bike in just 8 seconds.\nv/ @cheddar\n\n#Innovation\xe2\x80\xa6'
2018-11-10 23:01:17,"b'RT @CryptoRiyal: Cryptoriyal will be a Gamechanger, backed by the infrustructure of Neom City and AI technology, it will change the way peo\xe2\x80\xa6'"
2018-11-10 23:01:15,b'Venham ai no cubz'
2018-11-10 23:01:15,b'RT @9cnewsuae: #LIKE 14  RTit\n\nTop 5 sectors for breakthrough Innovation\n\n1 #Tech 2 #LifeSciences 3 #Healthcare 4 #Comms 5 #Automotive\n\n #D\xe2\x80\xa6'
2018-11-10 23:01:14,"b""Chickens pecked to death, a cat thrown into a boat and a gaunt pony: Couple's shocking animal cruelty exposed\xe2\x80\xa6 https://t.co/xTMfOVc7JD"""
2018-11-10 23:01:14,"b'RT @iambobbywolfe1: NBA YOUNGBOY, AI YOUNGBOY, GG YOUNGBOY\xe2\x80\x9d whatever y\xe2\x80\x99all wanna call him. https://t.co/rCRSc66rf2'"
2018-11-10 23:01:14,"b""Vile comments about Meghan found on Kensington Palace's Instagram\n8thAreaPeopleActivitySex inThe GlobalSystem\xe2\x80\xa6 https://t.co/rVHjYmeLrz"""
2018-11-10 23:01:13,"b""RT @DailyMailCeleb: Kim Kardashian snuggles up to Khloe's daughter True after evacuating home due to wildfire https://t.co/iEiTDsonN6"""
2018-11-10 23:01:12,b'RT @9cnewsuae: #LIKE  14  RTit \n\nWhat are some Key #Blockchain Technologies in Trade #Finance? \n\nhttps://t.co/JynUi16oRk\n#CyberSecurity #In\xe2\x80\xa6'
2018-11-10 23:01:11,b'FBI determine Seattle plane hijacker acted alone https://t.co/I1rU8MRWkx'
2018-11-10 23:01:09,"b""Love Island's Alexandra Cane looks glamorous in a faux-fur coat as she arrives in Manchester with casually clad pal\xe2\x80\xa6 https://t.co/Ev4xuSPwCi"""
2018-11-10 23:01:09,b'RT @9cnewsuae: #LIKE  14  RTit\n\nTop 2018 200 #AI Companies in the #Ecosystem\n\nhttps://t.co/p9urtkANd2 \xe2\x80\xa6\n#DataAnalytics #AI #Cloud #DigitalT\xe2\x80\xa6'
2018-11-10 23:01:06,b'RT @9cnewsuae: #LIKE 14  RTit\n\n#Infographics #AI &amp; #Machinelearning in the enterprise \n\n#TechNews #Fintech #Insurtech #Marketing #Datascien\xe2\x80\xa6'
2018-11-10 23:01:05,b'RT @ConnectyCTY: How Connecty Brings AI and Blockchain Technology to the Knowledge Economy\n\n#UseOfBlockchain #Blockchain #stellar #Bitcoin\xe2\x80\xa6'
2018-11-10 23:01:05,b'Ashley Graham flaunts curves in sizzling bikini photo shoot https://t.co/JPC6UqUGzh'
2018-11-10 23:01:05,"b""The Non-Coder's Guide to using @giphy's API with @chatfuel! by @rahuldecoded and @debbiediscovers #chatbots #AI\xe2\x80\xa6 https://t.co/AD53xGQrwA"""
2018-11-10 23:01:04,b'RT @HrvojeSvaty: Black Pink keychains \xf0\x9f\x98\x98 #BLACKPINK #BLACKPINKcomeback #JENNIE #LISA #ROSE #JISOO #BlackpinkFanart #fanart  #ASIFITSYOURLAST\xe2\x80\xa6'
2018-11-10 23:01:03,b'RT @future_of_AI: Monthly Report by Essentials: Most discussed articles about #AI: Ethics and autonomous weapon systems: An ethical basis f\xe2\x80\xa6'
2018-11-10 23:01:02,"b""#interview: #power #ledger #founder #jemma #green on #'powering the #world' \n#btc #trading #altcoins\xe2\x80\xa6 https://t.co/X9GefYYMN0"""
2018-11-10 23:01:01,b'RT @9cnewsuae: #LIKE 22 RTit\n\nHow Machine Learning Algorithms Works\n\n1 / 4  Machine Learning Process Flow\n\nhttps://t.co/IT19Po0d8s\n#Datasci\xe2\x80\xa6'
2018-11-10 23:00:58,b'RT @9cnewsuae: #LIKE 22 RTit\n\nHow Machine Learning Algorithms Works\n\n2 / 4  How #MachineLearning Algorithms Work?\n\nhttps://t.co/IT19Po0d8s\xe2\x80\xa6'
2018-11-10 23:00:55,b'RT @carino_dolores: Kindness\n       Makes you the most BeautifuL\n              Person  in the World\nNo \n    Matter what you Look Like...\n\n#\xe2\x80\xa6'
2018-11-10 23:00:54,b'RT @CryptoRiyal: Cryptoriyal is ready to take the challenge of crypto adaptation. They will use AI technology and blockchain to provide a t\xe2\x80\xa6'
2018-11-10 23:00:50,b'\xe2\x80\x9cArtificial Intelligence needs all of us\xe2\x80\x9d TED talk given by Rachel Thomas is a powerful talk about why and how we n\xe2\x80\xa6 https://t.co/ivCY7yLTnw'
2018-11-10 23:00:50,b'RT @9cnewsuae: #LIKE 22 RTit  How Machine Learning Algorithms Works\n\n  4 / 4   Algorithm Performance Measure\n\n https://t.co/IT19Po0d8s \xe2\x80\xa6 #D\xe2\x80\xa6'
2018-11-10 23:00:48,"b""Festival of Remembrance\n\nhttps://t.co/OLBLtIbHFX\n\nWhat is this stupid phrase, 'watching on'? @LeighMcManus1\n\nWhere\xe2\x80\xa6 https://t.co/2qKYIsrzgJ"""
2018-11-10 23:00:47,b'RT @sdxcentral: #ICYMI Nokia Strikes Infosys Deal That Targets Enterprise Digitization https://t.co/RM0oPHeH2N #5g #ai #breakingnews #china\xe2\x80\xa6'
2018-11-10 23:00:46,b'RT @9cnewsuae: #LIKE 14  RTit\n\nStudy Suggests Companies Reaping Benefits of Combining #AR and #IIoT\n\nhttps://t.co/JwzAKDzJxL\n#innovation #A\xe2\x80\xa6'
2018-11-10 23:00:42,"b'Toby Walsh, Scientia Professor of Artificial Intelligence at UNSW Sydney, tells the Festival of Dangerous Ideas tha\xe2\x80\xa6 https://t.co/TR5VEb0F5i'"
2018-11-10 23:00:42,b'RT @andi_staub: Interesting POV #WeekendRead\n\nThe Problem of #BigData\n\n#AI #fintech @guzmand @psb_dc @TheRudinGroup @SpirosMargaris @jblefe\xe2\x80\xa6'
2018-11-10 23:00:41,b'RT @9cnewsuae: #LIKE 14  RTit\n\nTop 60 #EmergingTechnologies impacting the future   \n\n#Cloud #Blockchain #MR #5G #innovation #AI #IoT #DLT #\xe2\x80\xa6'
2018-11-10 23:00:37,b'RT @9cnewsuae: #LIKE 14  RTit\n\nThe #IoT information #lifecycle \n\n#EmergingTechnologies #martech #digitalmarkerketing #innovation #AI #IoT #\xe2\x80\xa6'
2018-11-10 23:00:36,b'RT @AskAider: What is Artificial Intelligence and how can it help you run your #business? Find out more on the blog https://t.co/NZmOZhIbOB\xe2\x80\xa6'
2018-11-10 23:00:35,b'VIDEO: Blockchain Artificial Intelligence = Decentralized AI #blockchain #AI #Neuralnetworks\xe2\x80\xa6 https://t.co/Nj5Dlw3fEh'
2018-11-10 23:00:34,b'RT @moosemyfrnds1: Gay Liberal Jew Heath Levey Arrested for Drawing Swastikas \xe2\x80\x93 Threatened to Rape Woman Before 2016 Election \xe2\x80\x9cYou F*cking\xe2\x80\xa6'
2018-11-10 23:00:33,b'RT @9cnewsuae: #LIKE 14  RTit\n\nThe #BigData in #banking \n\n#finserv #EmergingTechnologies #marketing #innovation #business #AI #IoT #DLT #Bi\xe2\x80\xa6'
2018-11-10 23:00:33,"b'RT @IainLJBrown: AI, data science can yield rich dividends - SLASSCOM chief\n\nRead more here: https://t.co/JamiWLBYXM\n\n#DataScience #Machine\xe2\x80\xa6'"
2018-11-10 23:00:30,b'RT @CryptoRiyal: Cryptoriyal is ready to take the challenge of crypto adaptation. They will use AI technology and blockchain to provide a t\xe2\x80\xa6'
2018-11-10 23:00:30,"b'RT @arjunblj: Thiel\xe2\x80\x99s \xe2\x80\x9ccrypto is libertarian, AI is communist\xe2\x80\x9d dichotomy is perfect.\n\nApathetic developers building:\n- powerful reputation\xe2\x80\xa6'"
2018-11-10 23:00:30,b'RT @9cnewsuae: #LIKE 14  RTit\n\nThe Industrial #IIoT market map\n\n #EmergingTechnologies #martech #MegaTrends #innovation #AI #IoT #DLT #BigD\xe2\x80\xa6'
2018-11-10 23:00:29,b'RT @AskAider: Being a small business owner is a 24/7 gig. How can #AI help you? Find out on the blog https://t.co/N2pwo1iafd #aider #smallb\xe2\x80\xa6'
2018-11-10 23:00:29,"b'RT @andrewdavidcleg: 5 Afghans arrested for allegedly raping a girl, 15, in Germany https://t.co/CKazUvgz1i via @MailOnline'"
2018-11-10 23:00:28,"b'RT @AudreyDesisto: The Chinese have a very public, very-deep, extremely well-funded commitment to #AI.  ArtificialIntelligence, China And T\xe2\x80\xa6'"
2018-11-10 23:00:27,"b""RT @nowthisnews: This lifelike 'news anchor' is actually just AI https://t.co/iswH03WxK8"""
2018-11-10 23:00:27,b'RT @9cnewsuae: #LIKE 14  RTit \n\n7 ways to leverage #EmergingTechnologies in #eCommerce \n\nhttps://t.co/QhcrHl16sd\n#Blockchain #DataAnalytics\xe2\x80\xa6'
2018-11-10 23:00:27,"b'RT @C2EIrish: As a producer, I worked with a lot of anchors.  Got along great with the vast majority.  A few, maybe not so much.  But I thi\xe2\x80\xa6'"
2018-11-10 23:00:26,b'Chip startup Efinix hopes to bootstrap AI efforts in IoT\n\nhttps://t.co/qSG0uAuNJv \n\n#fpga https://t.co/UYkpDYrijV'
2018-11-10 23:29:33,b'RT @johnjones111142: Explains everything....\n\nhttps://t.co/Za6ZZt721J https://t.co/SAWhNXOQGS'
2018-11-10 23:29:32,b'Hello hello moshi moshi ciao ciao busy busy \nEvery time ai ga beep beep beep beep'
2018-11-10 23:29:32,b'So I was working on the AI and this happened... #gamedev #projecthedra #indiedev #indiegames #screenshotsaturday\xe2\x80\xa6 https://t.co/H7Dsk1Ej6M'
2018-11-10 23:29:32,"b'Nobel laureate forecasts the next possible banking crisis It is 10 years since the Lehman Brothers bankruptcy,\xe2\x80\x9d obs\xe2\x80\xa6 https://t.co/8hkNly9typ'"
2018-11-10 23:29:31,b'RT @InsightBrief: The future of safe #SelfDrivingCars is thermal imaging https://t.co/tEpNLrZLK0\n\nvia @jalopnik #autonomouscar #futurism #d\xe2\x80\xa6'
2018-11-10 23:29:30,"b""@muskbro1 A lot of the newer tech sounds cool and flashy but hasn't really been shown to be much of an improvement.\xe2\x80\xa6 https://t.co/wtfus10e37"""
2018-11-10 23:29:29,b'RT @NewYorker: Advances in digital imagery could deepen the fake-news crisis\xe2\x80\x94or help us get out of it: https://t.co/CTPUTirA8C https://t.co\xe2\x80\xa6'
2018-11-10 23:29:27,"b""Think this should have been done way earlier.\n\nJacob Rees-Mogg's Brexiteers and DUP vow to vote down Brexit deal\xe2\x80\xa6 https://t.co/NZJBozZGty"""
2018-11-10 23:29:24,b'RT @Paula_Piccard: Do you want to find the person who looks just like you?  \n#facialrecognition #AI #technology \n\n@MikeQuindazzi @SpirosMar\xe2\x80\xa6'
2018-11-10 23:29:23,b'RT @WiproDigital: What is the #Enterprise View of the #Internet of Things? {Infographic} #IoT #BigData #automation #Sensors #IIoT #Marketin\xe2\x80\xa6'
2018-11-10 23:29:22,"b""RT @udacity: What's in store for 2019? According to @IDC by 2022, 150 million people will have blockchain-based digital identities #AI via\xe2\x80\xa6"""
2018-11-10 23:29:22,b'Democrats to pass most aggressive gun-control legislation in DECADES https://t.co/Tc3141NPPs via @MailOnline'
2018-11-10 23:29:21,"b'RT @ArtStationHQ: ""Hallow King"" by @Gorremhome #ArtStationHQ https://t.co/ynukEY9rOW https://t.co/aQ5pZPdkzi'"
2018-11-10 23:29:16,b'Gostei de um v\xc3\xaddeo @YouTube https://t.co/Laydrlm1pq TRY CALLIGRAPHY - This is SO Much Harder Than it Looks!!'
2018-11-10 23:29:15,"b'RT @MinaANDMaya: #UK: A #Surrey huntswoman, Jane Goring, who was facing jail after being filmed whipping a saboteur has been killed in a ri\xe2\x80\xa6'"
2018-11-10 23:29:14,"b""RT @nowthisnews: This lifelike 'news anchor' is actually just AI https://t.co/iswH03WxK8"""
2018-11-10 23:29:09,"b'18. for as long as i am in the utapri/sl community, i would one day want my ai bond to hit 1000'"
2018-11-10 23:29:08,b'Downton Abbey movie: Elizabeth McGovern gets into character https://t.co/8IT0poI17i via @DailyMailCeleb'
2018-11-10 23:29:07,"b""RT @iatefl_ltsig: Robert Szabo talking about 'the irreplaceable human' at the #AI in #ELT event.  @TESOLCALLIS #LTSIG https://t.co/b2p0iEOd\xe2\x80\xa6"""
2018-11-10 23:29:05,"b""AIN'T HAPPENING!!!!!!!!!!!!!!!!! SENATE IS SOLID REPULIPUSSIES AND TRUMP WOULD VETO. Democrats to pass most aggress\xe2\x80\xa6 https://t.co/TaMwALYBtO"""
2018-11-10 23:29:04,b'RT @HarbRimah: #Robots &amp; #humans performing the most intricate of surgeries &gt;&gt;&gt; @MikeQuindazzi &gt;&gt;&gt; #Robotics #Robots #HealthTech #AI #Healt\xe2\x80\xa6'
2018-11-10 23:28:59,b'RT @gingienator: go crazy https://t.co/1uquLkr2hT'
2018-11-10 23:28:54,b'RT @HarbRimah: #VirtualReality Go Kart Racing\n\n#AI #IoT #digital #Robotics #Robot #DigitalTransformation #future #technology #TechTrends #a\xe2\x80\xa6'
2018-11-10 23:28:54,b'RT @Paula_Piccard: What Is Conversational AI? https://t.co/GIqsMh8AiH #InternetOfThings #Smart #IoT https://t.co/ANDtHjiJDQ'
2018-11-10 23:28:53,b'Thought cold blooded is supposed to make you hidden from enemy AI as well......NOT DELAYED!!! O_o @Treyarch https://t.co/W5Of5GZ704'
2018-11-10 23:28:47,b'RT @ipfconline1: When Will Artificial Intelligence Exceed Human Performance?\n\n=&gt; Evidence from #AI Experts: AI Researchers Predict AI Will\xe2\x80\xa6'
2018-11-10 23:28:45,b'RT @WorldTrendsInfo: What are the 7 outcomes for #AI? #Infographic\n#IoT #BigData #MachineLearning #DataScience #Robotics #innovation #start\xe2\x80\xa6'
2018-11-10 23:28:45,"b'Phoenix (the gray and white) and the two kittens, Silva &amp; Su Ling had the Cat Flu. Prayers answered. Full recovery.\xe2\x80\xa6 https://t.co/F67TLlB5uu'"
2018-11-10 23:28:44,"b""RT @anarisis: Have you ever wondered what it would like to play in TRON's Grid, wanted to be a detective that can change the very reality a\xe2\x80\xa6"""
2018-11-10 23:28:43,"b""RT @ahjackman: Excellent workshop exploring 'Armed robots and drones on the battlefield' at @CNDuk's #FutureWars conference, expertly chair\xe2\x80\xa6"""
2018-11-10 23:28:40,b'RT @Paula_Piccard: A Gateway Drug to AI and Digital Transformation https://t.co/jI86DGFCHv #DigitalTransformation #Robotic #Automation #AI\xe2\x80\xa6'
2018-11-10 23:28:40,b'RT @jadediva760: \xf0\x9f\x94\xa5\xf0\x9f\x94\xa5 DEATH &amp; DEVASTATION: Almost 1/4 Million Evacuated With Millions More Facing Evacuation &amp; Loss.\xf0\x9f\x94\xa5\xf0\x9f\x94\xa5 Five people burned ali\xe2\x80\xa6'
2018-11-10 23:28:39,b'RT @Mjhall412: Democrats to pass most aggressive gun-control legislation in DECADES\nHere we go again. They do nothing. Had the majority wit\xe2\x80\xa6'
2018-11-10 23:28:36,b'RT @TheSauceFather: Someone put a pair of pants on a chicken \xf0\x9f\x98\x82 https://t.co/HhSgMfLWWk'
2018-11-10 23:28:36,"b'RT @Ayasdi: The amazing story of how one community hospital, @FlaglerHospital is applying #AI with extraordinary success, enhancing patient\xe2\x80\xa6'"
2018-11-10 23:28:36,"b'RT @Qualcomm_Tech: World-class #AI research in deep vision is the guiding star for QUVA lab, which brings together the best of academia and\xe2\x80\xa6'"
2018-11-10 23:28:34,b'RT @Paula_Piccard: Do you want to find the person who looks just like you?  \n#facialrecognition #AI #technology \n\n@MikeQuindazzi @SpirosMar\xe2\x80\xa6'
2018-11-10 23:28:32,b'Glad to be able to share this story - 50-year-old photos of @RollingStones returned by a good samaritan. https://t.co/4ZRoPLeREY'
2018-11-10 23:28:31,b'RT @fklivestolearn: Types of #MachineLearning - #DeepLearning #AI #BigData \nVia @TheCloudand_Me \n\n@MikeQuindazzi @evankirstel @kashthefutur\xe2\x80\xa6'
2018-11-10 23:28:31,"b""RT @Sadeekhassan: You don't understand. What we want is somewhere between crazy and calm. Wadda ta dan je Islamiya amma kuma ba yar kauye b\xe2\x80\xa6"""
2018-11-10 23:28:28,b'Kate faces the tragic fate of her ancestors during WW1 https://t.co/gRb3gLSRwm via @MailOnline'
2018-11-10 23:28:27,"b""RT @PleasureEthics: I relate more to Yoruba in taking the piss in mischief when I've had enough of the lies. I see why Hausa Fulani is angr\xe2\x80\xa6"""
2018-11-10 23:28:26,"b'RT @arwmd: And interesting perspective from Forbes, addressing robotic surgery on a tangent with #artificialintelligence. \n\nhttps://t.co/0M\xe2\x80\xa6'"
2018-11-10 23:28:25,"b'Vulnerable children are being auctioned online by councils inviting private firms to bid for up to \xc2\xa37,000-a-week fo\xe2\x80\xa6 https://t.co/W2w4MH17QT'"
2018-11-10 23:28:18,b'RT @RitchieJodi: Female MS-13 gangster sentenced to 40 years for murder https://t.co/jmqebqsPX9 @MailOnline'
2018-11-10 23:28:14,b'Democrats to pass most aggressive gun-control legislation in DECADES\nHere we go again. They do nothing. Had the maj\xe2\x80\xa6 https://t.co/bJ2SLjjG9e'
2018-11-10 23:28:12,b'RT @Paula_Piccard: Google finds that as #artificialintelligence gets more advanced it gets more aggressive\nMT @Ronald_vanLoon\n\n#AI #DeepLea\xe2\x80\xa6'
2018-11-10 23:28:08,"b""(World's first AI news anchor makes China debut) - https://t.co/I3oKSm1Liz https://t.co/Rja0VYR1Q9"""
2018-11-10 23:28:05,b'ai just a little bit of your heart \xc3\xa9 \xe2\x9d\xa4\xef\xb8\x8f\xe2\x9d\xa4\xef\xb8\x8f\xe2\x9d\xa4\xef\xb8\x8f\xe2\x9d\xa4\xef\xb8\x8f'
2018-11-10 23:28:00,"b'Real ""Donald Trump"" anagram\xe2\x80\x94""ADULT PORN, MD""\nReal ""Elon Musk"" anagram\xe2\x80\x94""SOME LUNK."" #ReadMyTweets #bigdata Elvis\xe2\x80\xa6 https://t.co/tgZamxQv7T'"
2018-11-10 23:27:57,"b""The NOIZ ecosystem is much more than just ads, it's a fully integrated platform to engage consumers and advertisers\xe2\x80\xa6 https://t.co/iqWCBiBQwS"""
2018-11-10 23:27:55,b'RT @IIoT_World: 60% of the companies are already involved in IoT initiatives. More than half of these are still in the early stages of depl\xe2\x80\xa6'
2018-11-10 23:27:55,"b'RT @V_of_Europe: Dear friends, \n\nAs freedom of speech is under pressure we would like to see you on our Gab as well: \n\nhttps://t.co/CcbBMlD\xe2\x80\xa6'"
2018-11-10 23:27:52,b'39.61Million data points cant be wrong!\n#ethics #AIethics #AI #Machineethics\nThe worlds biggest survey of Machine E\xe2\x80\xa6 https://t.co/5NNqX2OTIz'
2018-11-10 23:27:51,b'Hope that some of those joining @Accenture_Irl this week for the #DublinAI meet-up will check out the @Googleorg AI\xe2\x80\xa6 https://t.co/O19eEzD1cO'
2018-11-10 23:27:50,b'RT @JoeyPrink: my first Forbes #Under30Summit in Boston as a #30Under30.. \n\nif you want to chat about #vr #gamedev #sna #ai #gamesUR - say\xe2\x80\xa6'
2018-11-10 23:27:50,b'@NtilikinaPrime @ApprenticeHFC Hey bro u starting to realize AI is the goat. I salute you \xf0\x9f\x98\x81@ApprenticeHFC'
